date,value
01-01-2014,18.31
02-01-2014,18.06
03-01-2014,18.31
07-01-2014,16.58
08-01-2014,16.33
09-01-2014,16.83
10-01-2014,16.83
13-01-2014,16.08
15-01-2014,15.75
16-01-2014,15.5
17-01-2014,14.34
20-01-2014,13
21-01-2014,12.75
22-01-2014,12.75
23-01-2014,15
24-01-2014,12.75
27-01-2014,12.5
28-01-2014,12.38
30-01-2014,12.38
31-01-2014,12.25
03-02-2014,12
04-02-2014,11.75
05-02-2014,11.75
06-02-2014,11.98
07-02-2014,11.98
10-02-2014,11.98
11-02-2014,11.48
12-02-2014,10.86
13-02-2014,10.98
14-02-2014,10.98
17-02-2014,11.11
18-02-2014,15.2
20-02-2014,10.73
21-02-2014,10.73
24-02-2014,11.1
25-02-2014,11.1
26-02-2014,11.35
28-02-2014,11.35
03-03-2014,11
04-03-2014,11
05-03-2014,10.88
06-03-2014,10.41
07-03-2014,10.41
11-03-2014,10.69
12-03-2014,11.06
13-03-2014,10.81
14-03-2014,10.81
18-03-2014,11.44
19-03-2014,11.19
20-03-2014,11.06
21-03-2014,10.94
24-03-2014,11.06
25-03-2014,10.94
26-03-2014,11.27
27-03-2014,10.89
28-03-2014,11.02
01-04-2014,10
02-04-2014,11.36
03-04-2014,11.36
04-04-2014,11.03
07-04-2014,11.03
09-04-2014,12.07
11-04-2014,9.63
15-04-2014,9.56
17-04-2014,9.97
21-04-2014,9.89
22-04-2014,9.89
23-04-2014,10.1
25-04-2014,9.5
28-04-2014,10.5
29-04-2014,10.43
30-04-2014,10.3
02-05-2014,10.25
05-05-2014,10
06-05-2014,10.75
07-05-2014,10.25
09-05-2014,10.35
12-05-2014,10
13-05-2014,10.1
15-05-2014,10.35
16-05-2014,10.35
19-05-2014,11.35
20-05-2014,11.35
21-05-2014,11.6
22-05-2014,11.1
23-05-2014,11.1
26-05-2014,11.1
27-05-2014,11.35
28-05-2014,11.1
29-05-2014,11.09
30-05-2014,11.09
02-06-2014,11.23
03-06-2014,12.23
04-06-2014,12.5
05-06-2014,11.5
06-06-2014,12.25
09-06-2014,12.5
10-06-2014,12.5
11-06-2014,13.25
12-06-2014,14.25
13-06-2014,14
16-06-2014,14.1
17-06-2014,14.69
18-06-2014,14.69
19-06-2014,14.69
20-06-2014,14.89
23-06-2014,15.14
24-06-2014,14.81
25-06-2014,15.31
26-06-2014,15.51
27-06-2014,16.01
01-07-2014,17.34
02-07-2014,17.09
03-07-2014,16.92
04-07-2014,16.92
07-07-2014,16.17
08-07-2014,17.17
09-07-2014,18.25
10-07-2014,18.25
11-07-2014,17.25
14-07-2014,17.43
15-07-2014,17.68
16-07-2014,17.68
17-07-2014,17.93
18-07-2014,18.18
21-07-2014,18.06
22-07-2014,17.68
23-07-2014,17.75
24-07-2014,17.64
25-07-2014,17.4
28-07-2014,17.15
30-07-2014,17.48
31-07-2014,17.73
01-08-2014,17.23
04-08-2014,15.98
05-08-2014,15.98
06-08-2014,16.98
07-08-2014,17.24
08-08-2014,17.24
11-08-2014,15.98
12-08-2014,13.98
13-08-2014,15.73
14-08-2014,16.74
19-08-2014,16.99
20-08-2014,16.61
21-08-2014,16.36
22-08-2014,16.11
25-08-2014,16.36
26-08-2014,19
27-08-2014,16.61
28-08-2014,16.61
01-09-2014,19.5
02-09-2014,16.45
03-09-2014,15.7
04-09-2014,14.95
05-09-2014,15.2
09-09-2014,17
10-09-2014,15.45
11-09-2014,15.38
12-09-2014,15.38
15-09-2014,15.13
16-09-2014,14.88
17-09-2014,15.8
18-09-2014,15.8
19-09-2014,14.55
22-09-2014,14.55
23-09-2014,13.8
24-09-2014,13.8
25-09-2014,13.3
26-09-2014,13.3
29-09-2014,13.3
30-09-2014,12.55
07-10-2014,13.05
08-10-2014,13.8
09-10-2014,13.3
10-10-2014,13.8
13-10-2014,13.55
14-10-2014,13.55
16-10-2014,14.55
17-10-2014,14.55
20-10-2014,14.8
21-10-2014,15.3
22-10-2014,15.3
27-10-2014,15.3
28-10-2014,15.55
29-10-2014,15.8
31-10-2014,16.3
03-11-2014,16.55
05-11-2014,15.8
07-11-2014,15.8
10-11-2014,16.08
11-11-2014,15.57
12-11-2014,15.57
13-11-2014,15.32
14-11-2014,15.32
17-11-2014,15.32
18-11-2014,17.33
19-11-2014,16.83
20-11-2014,15.82
21-11-2014,15.57
24-11-2014,15.57
25-11-2014,16.33
26-11-2014,16.83
27-11-2014,17.33
28-11-2014,17.08
01-12-2014,17.08
02-12-2014,16.33
03-12-2014,16.83
04-12-2014,16.58
05-12-2014,16.58
08-12-2014,16.58
09-12-2014,15.82
10-12-2014,16.58
11-12-2014,16.33
12-12-2014,16.33
15-12-2014,15.84
16-12-2014,15.34
17-12-2014,15.84
18-12-2014,15.84
19-12-2014,21
22-12-2014,17.33
23-12-2014,17.08
24-12-2014,16.33
26-12-2014,16.58
29-12-2014,16.5
30-12-2014,14.84
31-12-2014,14.59
01-01-2015,14.34
02-01-2015,15.34
05-01-2015,15.34
06-01-2015,14.59
07-01-2015,14.59
08-01-2015,14.59
09-01-2015,14.34
12-01-2015,15
13-01-2015,14.34
14-01-2015,14.84
15-01-2015,14.84
16-01-2015,13.84
19-01-2015,14.09
20-01-2015,13.48
21-01-2015,13.48
22-01-2015,13.73
23-01-2015,14.19
27-01-2015,14.09
28-01-2015,13.5
30-01-2015,13.97
02-02-2015,14.22
03-02-2015,13.97
04-02-2015,14.5
05-02-2015,15
06-02-2015,14.47
09-02-2015,14.72
10-02-2015,14.47
11-02-2015,14.73
12-02-2015,14.73
13-02-2015,14.73
16-02-2015,14.73
18-02-2015,15.48
20-02-2015,14.73
23-02-2015,15.48
24-02-2015,14.48
25-02-2015,14.48
26-02-2015,14.98
27-02-2015,14.98
02-03-2015,14.98
03-03-2015,14.48
04-03-2015,14.48
05-03-2015,14.48
09-03-2015,15.48
10-03-2015,15.48
11-03-2015,15.48
12-03-2015,15.48
13-03-2015,15.48
16-03-2015,15.48
17-03-2015,14.98
18-03-2015,14.84
19-03-2015,14.34
20-03-2015,14.34
23-03-2015,14.34
24-03-2015,14.34
25-03-2015,13.59
26-03-2015,13.84
27-03-2015,13.74
30-03-2015,13.99
31-03-2015,13.99
01-04-2015,14.49
06-04-2015,14.99
07-04-2015,13.99
08-04-2015,14.99
09-04-2015,14.49
10-04-2015,14.41
13-04-2015,14.41
15-04-2015,14.41
16-04-2015,14.23
17-04-2015,14.23
20-04-2015,14.73
21-04-2015,14.73
22-04-2015,14.23
23-04-2015,14.23
24-04-2015,14.73
27-04-2015,14.73
28-04-2015,14.23
29-04-2015,14.73
30-04-2015,14.84
05-05-2015,14.84
06-05-2015,14.84
07-05-2015,15.59
08-05-2015,15.59
11-05-2015,15.59
12-05-2015,15.84
13-05-2015,15.84
14-05-2015,15.84
15-05-2015,14.34
18-05-2015,15.59
19-05-2015,15.59
20-05-2015,15.34
21-05-2015,14.84
22-05-2015,15.09
25-05-2015,15.09
26-05-2015,15.34
27-05-2015,15.34
28-05-2015,15.02
29-05-2015,15.77
01-06-2015,15.52
02-06-2015,16.26
03-06-2015,16.26
04-06-2015,16.51
05-06-2015,17.02
08-06-2015,17.27
09-06-2015,14.55
11-06-2015,18.77
12-06-2015,18.77
15-06-2015,18.02
17-06-2015,18.27
18-06-2015,18.27
22-06-2015,18.27
23-06-2015,17.02
24-06-2015,17.52
25-06-2015,17.52
26-06-2015,18.27
29-06-2015,18.27
30-06-2015,17.52
01-07-2015,17.52
02-07-2015,17.02
03-07-2015,17.02
06-07-2015,16.52
07-07-2015,16.52
08-07-2015,16.77
09-07-2015,17.27
10-07-2015,17.27
13-07-2015,17.27
14-07-2015,18.02
15-07-2015,18.77
16-07-2015,18.77
17-07-2015,17.52
20-07-2015,18.56
21-07-2015,19.31
22-07-2015,19.06
23-07-2015,19.56
24-07-2015,19.56
27-07-2015,22.06
28-07-2015,23.56
29-07-2015,24.56
30-07-2015,26.56
31-07-2015,27.81
03-08-2015,29.31
04-08-2015,29.81
05-08-2015,31.31
06-08-2015,31.81
07-08-2015,32.06
10-08-2015,32.56
11-08-2015,32.56
12-08-2015,32.31
13-08-2015,31.31
14-08-2015,34.31
17-08-2015,34.56
19-08-2015,35.31
20-08-2015,37.31
21-08-2015,38.31
24-08-2015,39.31
25-08-2015,49.17
26-08-2015,52.01
27-08-2015,52.01
28-08-2015,52.26
31-08-2015,49.76
01-09-2015,48.26
02-09-2015,44.51
03-09-2015,43.26
04-09-2015,43.26
07-09-2015,42.76
08-09-2015,41.51
09-09-2015,43.76
10-09-2015,42.26
11-09-2015,45.26
14-09-2015,45.26
15-09-2015,45.26
16-09-2015,46.26
18-09-2015,45.76
21-09-2015,46.26
22-09-2015,45.76
23-09-2015,45.26
24-09-2015,44.76
28-09-2015,44.26
29-09-2015,42.76
30-09-2015,43.01
01-10-2015,42.01
05-10-2015,42.01
06-10-2015,40.76
07-10-2015,41.51
08-10-2015,41.01
09-10-2015,41.01
12-10-2015,40.76
13-10-2015,39.26
14-10-2015,38.76
15-10-2015,37.26
16-10-2015,36.26
19-10-2015,33.67
20-10-2015,32.17
21-10-2015,31.17
23-10-2015,30.17
26-10-2015,29.17
27-10-2015,29.17
28-10-2015,29.92
29-10-2015,29.92
30-10-2015,29.92
31-10-2015,29.42
01-11-2015,28.42
02-11-2015,28.42
03-11-2015,27.17
04-11-2015,26.67
05-11-2015,26.67
06-11-2015,25.92
07-11-2015,25.42
09-11-2015,25.67
10-11-2015,25.17
11-11-2015,20.35
12-11-2015,19.52
13-11-2015,19.52
14-11-2015,19.52
15-11-2015,19.52
16-11-2015,25.04
17-11-2015,23.54
18-11-2015,24.71
19-11-2015,24.21
20-11-2015,24.38
21-11-2015,23.54
22-11-2015,20.08
23-11-2015,22.29
24-11-2015,22.04
25-11-2015,19.08
26-11-2015,21.79
27-11-2015,22.04
28-11-2015,20.08
29-11-2015,20.08
30-11-2015,21.54
01-12-2015,20.08
02-12-2015,19.79
03-12-2015,19.54
04-12-2015,18.54
05-12-2015,18.29
06-12-2015,18.58
07-12-2015,17.54
08-12-2015,16.29
09-12-2015,16.79
10-12-2015,15.91
11-12-2015,15.66
13-12-2015,17.58
14-12-2015,15.16
15-12-2015,15.16
16-12-2015,14.79
17-12-2015,15.16
18-12-2015,14.79
19-12-2015,15.66
20-12-2015,18.08
21-12-2015,15.29
22-12-2015,15.66
23-12-2015,16.04
24-12-2015,18.08
25-12-2015,18.58
26-12-2015,18.58
27-12-2015,18.58
28-12-2015,15.91
29-12-2015,16.29
30-12-2015,16.79
31-12-2015,16.29
01-01-2016,16.29
02-01-2016,16.29
03-01-2016,18.58
04-01-2016,16.09
05-01-2016,14.84
06-01-2016,15.34
07-01-2016,15.34
08-01-2016,14.91
09-01-2016,17.32
10-01-2016,17.82
11-01-2016,14.94
12-01-2016,13.66
13-01-2016,13.28
14-01-2016,13.03
15-01-2016,13.41
16-01-2016,13.41
17-01-2016,16.98
18-01-2016,12.49
19-01-2016,11.41
20-01-2016,11.66
21-01-2016,12.01
22-01-2016,12.91
23-01-2016,13.57
24-01-2016,13.41
25-01-2016,12.87
27-01-2016,12.38
28-01-2016,12.52
29-01-2016,12.77
30-01-2016,12.77
31-01-2016,13.78
01-02-2016,13.46
02-02-2016,13.34
03-02-2016,12.97
04-02-2016,12.97
05-02-2016,12.64
06-02-2016,12.8
07-02-2016,12.68
08-02-2016,12.39
09-02-2016,12.43
10-02-2016,12.06
11-02-2016,11.47
12-02-2016,11.12
13-02-2016,11.07
14-02-2016,11.02
15-02-2016,11.37
16-02-2016,10.83
17-02-2016,11.16
18-02-2016,10.64
19-02-2016,10.85
20-02-2016,10.22
21-02-2016,10.3
22-02-2016,10.43
23-02-2016,10.22
24-02-2016,10.22
25-02-2016,9.74
26-02-2016,9.82
27-02-2016,10.52
28-02-2016,9.57
29-02-2016,9.78
01-03-2016,9.78
02-03-2016,9.53
03-03-2016,9.66
04-03-2016,9.78
05-03-2016,9.74
06-03-2016,10.57
07-03-2016,10.79
08-03-2016,10.53
09-03-2016,9.91
10-03-2016,10.47
11-03-2016,10.22
12-03-2016,10.4
13-03-2016,10.4
14-03-2016,10.1
15-03-2016,9.72
16-03-2016,10.04
17-03-2016,9.85
18-03-2016,9.4
19-03-2016,8.32
20-03-2016,9.67
21-03-2016,8.52
22-03-2016,8.6
23-03-2016,9.13
25-03-2016,8.92
26-03-2016,8.92
27-03-2016,9.13
28-03-2016,9.65
29-03-2016,9.27
30-03-2016,9.48
31-03-2016,9.66
01-04-2016,9.91
02-04-2016,9.89
03-04-2016,10.24
04-04-2016,9.51
05-04-2016,9.46
06-04-2016,8.63
07-04-2016,8.91
08-04-2016,9.83
09-04-2016,9.83
10-04-2016,10.1
11-04-2016,9.24
12-04-2016,9.53
13-04-2016,9.39
14-04-2016,9.57
15-04-2016,10.58
16-04-2016,9.35
17-04-2016,9.61
18-04-2016,8.97
19-04-2016,9.46
20-04-2016,9.08
21-04-2016,8.96
22-04-2016,9.27
23-04-2016,10.16
24-04-2016,10.16
25-04-2016,9.53
26-04-2016,9.53
27-04-2016,9.77
28-04-2016,9.87
29-04-2016,9.85
30-04-2016,9.64
01-05-2016,10.18
02-05-2016,9.76
03-05-2016,9.76
04-05-2016,9.71
05-05-2016,9.09
06-05-2016,9.85
07-05-2016,9.7
08-05-2016,11.59
09-05-2016,10.31
10-05-2016,9.66
11-05-2016,9.65
12-05-2016,9.31
13-05-2016,9.73
15-05-2016,10
16-05-2016,9.75
17-05-2016,9.1
18-05-2016,9.4
19-05-2016,9.03
20-05-2016,8.86
21-05-2016,9.05
22-05-2016,8.98
23-05-2016,8.65
24-05-2016,8.66
25-05-2016,8.52
26-05-2016,8.53
27-05-2016,8.33
28-05-2016,8.61
29-05-2016,8.61
30-05-2016,8.28
31-05-2016,8.22
01-06-2016,8.03
02-06-2016,6.78
03-06-2016,8.35
04-06-2016,8.16
06-06-2016,8.77
07-06-2016,8.6
08-06-2016,8.58
09-06-2016,8.61
10-06-2016,8.65
11-06-2016,9.19
12-06-2016,9.19
13-06-2016,8.41
14-06-2016,8.54
15-06-2016,8.4
16-06-2016,8.77
17-06-2016,8.69
18-06-2016,8.52
19-06-2016,8.84
20-06-2016,8.8
21-06-2016,8.71
22-06-2016,9.14
23-06-2016,9.1
24-06-2016,8.88
25-06-2016,9.51
26-06-2016,9.56
27-06-2016,9.51
28-06-2016,9.72
29-06-2016,9.98
30-06-2016,9.78
01-07-2016,9.81
02-07-2016,9.82
03-07-2016,10.19
04-07-2016,9.52
05-07-2016,11.1
06-07-2016,10.07
07-07-2016,9.68
08-07-2016,9.56
09-07-2016,10.08
10-07-2016,9.98
11-07-2016,11.26
12-07-2016,14.33
13-07-2016,14.83
14-07-2016,12.67
15-07-2016,11.81
16-07-2016,11.47
17-07-2016,11.96
18-07-2016,11.35
19-07-2016,11.47
20-07-2016,11.18
21-07-2016,11.26
22-07-2016,10.72
23-07-2016,11.52
24-07-2016,11.52
25-07-2016,10.51
26-07-2016,10.31
27-07-2016,10.43
28-07-2016,10.39
29-07-2016,10.09
30-07-2016,10.15
31-07-2016,10.62
01-08-2016,10.38
02-08-2016,10.3
03-08-2016,10.02
04-08-2016,10.03
05-08-2016,9.43
06-08-2016,9.55
07-08-2016,9.79
08-08-2016,9.7
09-08-2016,9.33
10-08-2016,9.33
11-08-2016,9
12-08-2016,8.88
13-08-2016,8.51
14-08-2016,8.06
16-08-2016,8.25
17-08-2016,8.17
18-08-2016,7.81
19-08-2016,7.83
20-08-2016,7.56
21-08-2016,7.63
22-08-2016,7.26
23-08-2016,6.98
24-08-2016,7.14
25-08-2016,7.06
26-08-2016,6.38
27-08-2016,6.15
28-08-2016,6.15
29-08-2016,6.22
30-08-2016,6.34
31-08-2016,6.01
01-09-2016,5.61
02-09-2016,5.62
03-09-2016,6.24
04-09-2016,6.49
05-09-2016,6.36
06-09-2016,5.91
07-09-2016,5.8
08-09-2016,5.88
09-09-2016,5.74
10-09-2016,5.87
11-09-2016,5.77
12-09-2016,5.52
13-09-2016,5.27
14-09-2016,5.51
15-09-2016,5.4
16-09-2016,5.57
17-09-2016,5.51
18-09-2016,5.7
19-09-2016,5.53
20-09-2016,5.53
21-09-2016,5.72
22-09-2016,5.34
23-09-2016,5.41
24-09-2016,5.16
25-09-2016,5.12
26-09-2016,5.4
27-09-2016,5.09
28-09-2016,5.21
29-09-2016,5.32
30-09-2016,5.36
01-10-2016,5.3
02-10-2016,5.08
03-10-2016,5.31
04-10-2016,5.28
05-10-2016,5.41
06-10-2016,5.19
07-10-2016,5.64
08-10-2016,5.53
09-10-2016,5.53
10-10-2016,5.31
11-10-2016,5.48
12-10-2016,5.48
13-10-2016,6
14-10-2016,6.14
15-10-2016,6.17
16-10-2016,6.26
17-10-2016,6.5
18-10-2016,6.4
19-10-2016,6.29
20-10-2016,5.83
21-10-2016,6.1
22-10-2016,5.78
23-10-2016,5.78
24-10-2016,6.05
25-10-2016,5.63
26-10-2016,5.78
27-10-2016,5.87
28-10-2016,5.62
29-10-2016,5.92
30-10-2016,6.06
31-10-2016,5.76
01-11-2016,5.76
02-11-2016,5.82
03-11-2016,6.48
04-11-2016,6.47
05-11-2016,6.48
06-11-2016,6.31
07-11-2016,6.98
08-11-2016,6.94
09-11-2016,7.16
10-11-2016,7.33
11-11-2016,7.46
12-11-2016,7.44
13-11-2016,7.28
14-11-2016,7.28
15-11-2016,7.43
16-11-2016,7.97
17-11-2016,9.67
18-11-2016,9.56
19-11-2016,9.35
20-11-2016,10.3
21-11-2016,9.35
22-11-2016,9.56
23-11-2016,9.47
24-11-2016,9.4
25-11-2016,9.93
26-11-2016,10.62
27-11-2016,10.62
28-11-2016,10.11
29-11-2016,9.92
30-11-2016,10
01-12-2016,9.52
02-12-2016,9.17
03-12-2016,9.06
04-12-2016,9.43
05-12-2016,8.87
06-12-2016,8.99
07-12-2016,9.2
08-12-2016,8.35
09-12-2016,8.63
10-12-2016,8.59
11-12-2016,8.59
12-12-2016,8.98
13-12-2016,8.66
14-12-2016,8.53
15-12-2016,8.83
16-12-2016,7.82
17-12-2016,8.4
18-12-2016,8.45
19-12-2016,8.07
20-12-2016,8.11
21-12-2016,8
22-12-2016,7.92
23-12-2016,7.57
24-12-2016,7.17
25-12-2016,7.24
26-12-2016,7.24
27-12-2016,7.47
28-12-2016,7.45
29-12-2016,7.16
30-12-2016,7.48
31-12-2016,7.2
01-01-2017,7.36
02-01-2017,6.7
03-01-2017,7.07
04-01-2017,7.43
05-01-2017,6.93
06-01-2017,7.39
07-01-2017,7.04
08-01-2017,7.17
09-01-2017,7.13
10-01-2017,6.89
11-01-2017,7.3
12-01-2017,7.02
13-01-2017,7.31
14-01-2017,6.89
15-01-2017,6.54
16-01-2017,6.88
17-01-2017,6.79
18-01-2017,6.69
19-01-2017,6.31
20-01-2017,6.44
21-01-2017,6.32
22-01-2017,6.51
23-01-2017,6.46
24-01-2017,6.63
25-01-2017,6.75
26-01-2017,6.78
27-01-2017,7.22
28-01-2017,7.18
29-01-2017,7.17
30-01-2017,7.31
31-01-2017,7.25
01-02-2017,7.27
02-02-2017,7.39
03-02-2017,6.93
04-02-2017,6.93
05-02-2017,6.52
06-02-2017,6.77
07-02-2017,6.45
08-02-2017,6.55
09-02-2017,6.42
10-02-2017,6.42
11-02-2017,6.31
12-02-2017,6.25
13-02-2017,6.45
14-02-2017,6.39
15-02-2017,6.47
16-02-2017,6.63
17-02-2017,6.58
18-02-2017,7.2
19-02-2017,6.69
20-02-2017,6.89
21-02-2017,7.02
22-02-2017,6.83
23-02-2017,6.95
24-02-2017,7.11
25-02-2017,7.11
26-02-2017,7.11
27-02-2017,6.97
28-02-2017,6.64
01-03-2017,6.93
02-03-2017,6.68
03-03-2017,6.75
04-03-2017,6.5
05-03-2017,6.26
06-03-2017,6.32
07-03-2017,6.42
08-03-2017,6.46
09-03-2017,6.51
10-03-2017,6.44
11-03-2017,6.62
12-03-2017,6.35
13-03-2017,6.35
14-03-2017,6.57
15-03-2017,6.61
16-03-2017,6.28
17-03-2017,6.36
18-03-2017,6.36
19-03-2017,6.39
20-03-2017,6.69
21-03-2017,6.73
22-03-2017,6.84
23-03-2017,6.86
24-03-2017,6.86
25-03-2017,7.22
26-03-2017,7.22
27-03-2017,6.84
28-03-2017,7.01
29-03-2017,6.76
30-03-2017,7.38
31-03-2017,7.36
01-04-2017,6.66
02-04-2017,6.89
03-04-2017,7.33
04-04-2017,7.44
05-04-2017,7.23
06-04-2017,7.3
07-04-2017,7.16
08-04-2017,8.07
09-04-2017,8.07
10-04-2017,7.73
11-04-2017,7.43
12-04-2017,7.71
13-04-2017,7.33
14-04-2017,7.5
15-04-2017,7.5
16-04-2017,7.83
17-04-2017,7.38
18-04-2017,7.5
19-04-2017,7.5
20-04-2017,7.46
21-04-2017,7.46
22-04-2017,7.94
23-04-2017,7.94
24-04-2017,7.2
25-04-2017,7.24
26-04-2017,7.11
27-04-2017,6.98
28-04-2017,6.98
29-04-2017,6.47
30-04-2017,6.63
01-05-2017,6.63
02-05-2017,6.43
03-05-2017,6.85
04-05-2017,6.6
05-05-2017,6.42
06-05-2017,6.54
07-05-2017,6.56
08-05-2017,6.17
09-05-2017,6.17
11-05-2017,6.37
12-05-2017,6.37
13-05-2017,6.19
14-05-2017,6.19
15-05-2017,6.08
16-05-2017,5.99
17-05-2017,6.16
18-05-2017,6.05
19-05-2017,6.05
20-05-2017,6.2
21-05-2017,5.79
22-05-2017,5.78
23-05-2017,5.59
24-05-2017,5.64
25-05-2017,5.74
26-05-2017,5.74
27-05-2017,5.57
28-05-2017,5.57
29-05-2017,5.8
30-05-2017,5.74
31-05-2017,5.7
01-06-2017,5.8
02-06-2017,6.72
03-06-2017,6.8
04-06-2017,6.23
05-06-2017,7.22
06-06-2017,6.97
07-06-2017,7.43
08-06-2017,6.93
09-06-2017,6.64
10-06-2017,6.12
11-06-2017,6.12
12-06-2017,6.74
13-06-2017,6.68
14-06-2017,6.8
15-06-2017,6.7
16-06-2017,6.49
17-06-2017,6.37
18-06-2017,6.16
19-06-2017,7
20-06-2017,6.91
21-06-2017,7.57
22-06-2017,6.92
23-06-2017,6.69
24-06-2017,6.53
25-06-2017,6.2
26-06-2017,6.53
27-06-2017,6.65
28-06-2017,6.11
29-06-2017,6.69
30-06-2017,6.44
01-07-2017,6.32
02-07-2017,6.09
03-07-2017,6.42
04-07-2017,6.46
05-07-2017,6.55
06-07-2017,6.8
07-07-2017,6.59
08-07-2017,6.79
09-07-2017,6.79
10-07-2017,6.58
11-07-2017,6.56
12-07-2017,6.25
13-07-2017,6.33
14-07-2017,6.72
15-07-2017,6.68
16-07-2017,6.49
17-07-2017,6.84
18-07-2017,6.8
19-07-2017,6.32
20-07-2017,6.7
21-07-2017,6.62
22-07-2017,6.49
23-07-2017,6.38
24-07-2017,6.54
25-07-2017,6.71
26-07-2017,6.75
27-07-2017,6.96
28-07-2017,7.95
29-07-2017,9.82
30-07-2017,8.82
31-07-2017,9.8
01-08-2017,10.66
02-08-2017,10.77
03-08-2017,11.83
04-08-2017,14.21
05-08-2017,17.25
06-08-2017,13.72
07-08-2017,17.42
08-08-2017,18.26
09-08-2017,15.67
10-08-2017,18.71
11-08-2017,18.75
12-08-2017,18.45
13-08-2017,18.45
14-08-2017,18.79
15-08-2017,18.33
16-08-2017,18
17-08-2017,17.17
18-08-2017,19.25
19-08-2017,18.92
20-08-2017,18.34
21-08-2017,18.96
22-08-2017,19.92
23-08-2017,19.63
24-08-2017,19.21
25-08-2017,17.11
26-08-2017,17.11
27-08-2017,17.11
28-08-2017,19.04
29-08-2017,16.92
30-08-2017,17.51
31-08-2017,16.68
01-09-2017,16.59
02-09-2017,14.95
03-09-2017,14.95
04-09-2017,16.21
05-09-2017,15.33
06-09-2017,16.38
07-09-2017,16.33
08-09-2017,14.96
09-09-2017,12.5
10-09-2017,12.5
11-09-2017,14.25
12-09-2017,13.25
13-09-2017,13.91
14-09-2017,13.54
15-09-2017,12.48
16-09-2017,11.96
17-09-2017,10.88
18-09-2017,12.07
19-09-2017,12
20-09-2017,11.79
21-09-2017,12
22-09-2017,12.42
23-09-2017,11.78
24-09-2017,11.78
25-09-2017,13.29
26-09-2017,12.79
27-09-2017,12.58
28-09-2017,12.67
29-09-2017,13.17
30-09-2017,12.55
01-10-2017,12.55
02-10-2017,12.44
03-10-2017,13.08
04-10-2017,13.21
05-10-2017,12.96
06-10-2017,14.04
07-10-2017,15.59
08-10-2017,14.28
09-10-2017,16.49
10-10-2017,17.93
11-10-2017,18.1
12-10-2017,19.56
13-10-2017,18.85
14-10-2017,16.75
15-10-2017,16.09
16-10-2017,18.35
17-10-2017,19.02
18-10-2017,19.15
19-10-2017,17.97
20-10-2017,17.97
21-10-2017,17.42
22-10-2017,17.42
23-10-2017,20.15
24-10-2017,24.88
25-10-2017,24.88
26-10-2017,24.63
27-10-2017,24.22
28-10-2017,22.56
29-10-2017,22.56
30-10-2017,24.04
31-10-2017,24.29
01-11-2017,24.96
02-11-2017,25.19
03-11-2017,25.54
04-11-2017,24.44
05-11-2017,25.22
06-11-2017,27.04
07-11-2017,27.5
08-11-2017,28.17
09-11-2017,27.17
10-11-2017,26
11-11-2017,24.44
12-11-2017,24.44
13-11-2017,24.67
14-11-2017,24.62
15-11-2017,24.5
16-11-2017,24.92
17-11-2017,27.04
18-11-2017,26.88
19-11-2017,24.84
20-11-2017,26.96
21-11-2017,26.96
22-11-2017,28.75
23-11-2017,28.25
24-11-2017,28.83
25-11-2017,27
26-11-2017,27.44
27-11-2017,30.33
28-11-2017,30.42
29-11-2017,32.25
30-11-2017,31.08
01-12-2017,30.33
02-12-2017,30.17
03-12-2017,28.22
04-12-2017,27.46
05-12-2017,26.25
06-12-2017,26.21
07-12-2017,28.46
08-12-2017,26.67
09-12-2017,25.17
10-12-2017,25.17
11-12-2017,28.58
12-12-2017,29.5
13-12-2017,29.17
14-12-2017,29.27
15-12-2017,29.23
16-12-2017,28.15
17-12-2017,24.53
18-12-2017,27.38
19-12-2017,27.21
20-12-2017,26.29
21-12-2017,26.85
22-12-2017,23.48
23-12-2017,22.31
24-12-2017,22.31
25-12-2017,21.64
26-12-2017,32
27-12-2017,24.5
28-12-2017,24.33
29-12-2017,24.08
30-12-2017,24.21
31-12-2017,21.28
01-01-2018,23.38
02-01-2018,23.58
03-01-2018,24.17
04-01-2018,24.17
05-01-2018,24.21
06-01-2018,25.08
07-01-2018,20.78
08-01-2018,24.92
09-01-2018,24.17
10-01-2018,23.67
11-01-2018,23.67
12-01-2018,23.33
13-01-2018,19.78
14-01-2018,20
15-01-2018,22.58
16-01-2018,21.96
17-01-2018,23.21
18-01-2018,23.75
19-01-2018,24.21
20-01-2018,24.38
21-01-2018,23
22-01-2018,24.17
23-01-2018,23.92
24-01-2018,23.54
25-01-2018,23.66
26-01-2018,22.28
27-01-2018,21.83
28-01-2018,21.11
29-01-2018,22.67
30-01-2018,20.33
31-01-2018,20.33
01-02-2018,19.08
02-02-2018,18.25
03-02-2018,16.17
04-02-2018,15.44
05-02-2018,15.67
06-02-2018,17.38
07-02-2018,18.79
08-02-2018,17.75
09-02-2018,16.75
10-02-2018,16.83
11-02-2018,16.83
12-02-2018,17.29
13-02-2018,16.78
14-02-2018,17.25
15-02-2018,16.75
16-02-2018,16.71
17-02-2018,16.71
18-02-2018,16.11
19-02-2018,16.33
20-02-2018,16.54
21-02-2018,15.88
22-02-2018,15.71
23-02-2018,14.71
24-02-2018,14.67
25-02-2018,14.17
26-02-2018,14.58
27-02-2018,13.63
28-02-2018,12.21
01-03-2018,12.08
02-03-2018,12.11
03-03-2018,12.08
05-03-2018,12.17
06-03-2018,11.71
07-03-2018,11.13
08-03-2018,10.42
09-03-2018,10.21
10-03-2018,9.33
11-03-2018,9.33
12-03-2018,9.96
13-03-2018,9.59
14-03-2018,9.8
15-03-2018,9.92
16-03-2018,9.79
17-03-2018,9.67
18-03-2018,9.39
19-03-2018,9.67
20-03-2018,9.58
21-03-2018,9.46
22-03-2018,9.46
23-03-2018,9.35
24-03-2018,8.72
25-03-2018,8.72
26-03-2018,9.77
27-03-2018,9.71
28-03-2018,9.38
29-03-2018,9.89
30-03-2018,9.89
31-03-2018,9.87
01-04-2018,9.28
02-04-2018,9.58
03-04-2018,9.5
04-04-2018,9.71
05-04-2018,9.25
06-04-2018,9.04
07-04-2018,9.33
08-04-2018,8.94
09-04-2018,9.16
10-04-2018,8.79
11-04-2018,8.63
12-04-2018,8.71
13-04-2018,8.63
14-04-2018,8
15-04-2018,8
16-04-2018,8.71
17-04-2018,8.59
18-04-2018,8.33
19-04-2018,8.33
20-04-2018,8.33
21-04-2018,8
22-04-2018,7.56
23-04-2018,8.29
24-04-2018,8.41
25-04-2018,8.29
26-04-2018,8.5
27-04-2018,8.21
28-04-2018,7.72
29-04-2018,7.66
30-04-2018,7.66
01-05-2018,7.66
02-05-2018,8.08
03-05-2018,8.04
04-05-2018,8.33
05-05-2018,8.12
06-05-2018,7.5
07-05-2018,8.12
08-05-2018,7.71
09-05-2018,7.31
10-05-2018,7.37
11-05-2018,7.31
12-05-2018,6.91
13-05-2018,6.91
14-05-2018,7.22
15-05-2018,7.31
16-05-2018,7.51
17-05-2018,7.52
18-05-2018,7.14
19-05-2018,7.27
20-05-2018,6.86
21-05-2018,7.64
22-05-2018,7.88
23-05-2018,7.92
24-05-2018,7.86
25-05-2018,7.86
26-05-2018,7.93
27-05-2018,7.15
28-05-2018,7.16
29-05-2018,7.36
30-05-2018,7.57
31-05-2018,8.24
01-06-2018,8.4
02-06-2018,8.65
03-06-2018,8.21
04-06-2018,9.4
05-06-2018,8.86
06-06-2018,9.24
07-06-2018,8.93
08-06-2018,8.58
09-06-2018,7.66
10-06-2018,7.66
11-06-2018,8.23
12-06-2018,9.15
13-06-2018,8.25
14-06-2018,8.17
15-06-2018,8.27
16-06-2018,7.82
17-06-2018,7.82
18-06-2018,8.72
19-06-2018,8.85
20-06-2018,9.15
21-06-2018,9.46
22-06-2018,9.5
23-06-2018,9.11
24-06-2018,9.01
25-06-2018,9.93
26-06-2018,9.4
27-06-2018,9.35
28-06-2018,9.44
29-06-2018,9.81
30-06-2018,10.23
01-07-2018,9.06
02-07-2018,9.98
03-07-2018,10.96
04-07-2018,10.99
05-07-2018,10.55
06-07-2018,10.58
07-07-2018,10.45
08-07-2018,9.93
09-07-2018,10.57
10-07-2018,10.48
11-07-2018,11.06
12-07-2018,10.9
13-07-2018,10.79
14-07-2018,10.38
15-07-2018,10.38
16-07-2018,10.83
17-07-2018,10.52
18-07-2018,10.83
19-07-2018,10.52
20-07-2018,10.14
21-07-2018,10.53
22-07-2018,10.04
23-07-2018,10.73
24-07-2018,10.81
25-07-2018,10.54
26-07-2018,10.48
27-07-2018,10.83
28-07-2018,9.89
29-07-2018,9.89
30-07-2018,10.6
31-07-2018,10.21
01-08-2018,9.83
02-08-2018,9.77
03-08-2018,9.85
04-08-2018,9.73
05-08-2018,8.89
06-08-2018,9.77
07-08-2018,9.6
08-08-2018,9.44
09-08-2018,9.38
10-08-2018,9.71
11-08-2018,9.19
12-08-2018,9.44
13-08-2018,9.81
14-08-2018,9.67
15-08-2018,9.31
16-08-2018,9.98
17-08-2018,9.18
18-08-2018,9.76
19-08-2018,9.33
20-08-2018,10.04
21-08-2018,9.63
22-08-2018,9.08
23-08-2018,10.13
24-08-2018,9.92
25-08-2018,8.45
26-08-2018,8.45
27-08-2018,9.94
28-08-2018,9.63
29-08-2018,9.67
30-08-2018,8.73
31-08-2018,8.75
01-09-2018,8.41
02-09-2018,8.17
03-09-2018,7.84
04-09-2018,8.42
05-09-2018,8.09
06-09-2018,8.87
07-09-2018,8.45
08-09-2018,8.21
09-09-2018,8.21
10-09-2018,7.92
11-09-2018,8.34
12-09-2018,8.71
13-09-2018,8.28
14-09-2018,8.63
15-09-2018,8.63
16-09-2018,8.17
17-09-2018,8.04
18-09-2018,8.09
19-09-2018,7.94
20-09-2018,7.58
21-09-2018,7.82
22-09-2018,7.75
23-09-2018,7.7
24-09-2018,7.94
25-09-2018,7.83
26-09-2018,8
27-09-2018,8.31
28-09-2018,8.6
29-09-2018,8.9
30-09-2018,8.2
01-10-2018,8.73
02-10-2018,8.28
03-10-2018,9.21
04-10-2018,9.34
05-10-2018,8.96
06-10-2018,9.29
07-10-2018,8.72
08-10-2018,9.29
09-10-2018,9.54
10-10-2018,9.88
11-10-2018,10.21
12-10-2018,9.71
13-10-2018,9.95
14-10-2018,9.95
15-10-2018,11.17
16-10-2018,11.59
17-10-2018,12.75
18-10-2018,13.67
19-10-2018,15.5
20-10-2018,15.42
21-10-2018,13.42
22-10-2018,14.65
23-10-2018,14.32
24-10-2018,12.96
25-10-2018,13.13
26-10-2018,13.33
27-10-2018,11.11
28-10-2018,11.11
29-10-2018,13.17
30-10-2018,12.42
31-10-2018,12.04
01-11-2018,11.04
02-11-2018,10.04
03-11-2018,11.13
04-11-2018,8.94
05-11-2018,8.66
06-11-2018,10.38
07-11-2018,9.06
08-11-2018,9.66
09-11-2018,9.66
10-11-2018,9.11
11-11-2018,9.11
12-11-2018,10.33
13-11-2018,10.67
14-11-2018,10.92
15-11-2018,11.04
16-11-2018,10.33
17-11-2018,10.21
18-11-2018,8.78
19-11-2018,9.88
20-11-2018,8.84
21-11-2018,8.33
22-11-2018,8.84
23-11-2018,8.11
24-11-2018,8.11
25-11-2018,9.03
26-11-2018,8.69
27-11-2018,9.25
28-11-2018,9.06
29-11-2018,8.58
30-11-2018,9.16
01-12-2018,8.04
02-12-2018,8.06
03-12-2018,8.42
04-12-2018,8.29
05-12-2018,7.13
06-12-2018,6.88
07-12-2018,7.08
08-12-2018,6.58
09-12-2018,6.47
10-12-2018,6.41
11-12-2018,6.56
12-12-2018,7.02
13-12-2018,6.78
14-12-2018,7.17
15-12-2018,7.02
16-12-2018,6.86
17-12-2018,7.13
18-12-2018,6.81
19-12-2018,6.67
20-12-2018,7.02
21-12-2018,6.96
22-12-2018,7.06
23-12-2018,6.95
24-12-2018,6.29
25-12-2018,5.72
26-12-2018,6.17
27-12-2018,6.17
28-12-2018,5.92
29-12-2018,6.34
30-12-2018,5.95
31-12-2018,5.98
01-01-2019,5.86
02-01-2019,6.84
03-01-2019,6.92
04-01-2019,6.9
05-01-2019,7.21
06-01-2019,7.17
07-01-2019,6.88
08-01-2019,6.14
09-01-2019,6.13
10-01-2019,5.89
11-01-2019,6.23
12-01-2019,5.72
13-01-2019,5.72
14-01-2019,6.29
15-01-2019,6.44
16-01-2019,6.79
17-01-2019,6.33
18-01-2019,6.5
19-01-2019,6
20-01-2019,6
21-01-2019,6.13
22-01-2019,6.13
23-01-2019,6.29
24-01-2019,5.98
25-01-2019,5.96
26-01-2019,5.39
27-01-2019,5.39
28-01-2019,5.71
29-01-2019,5.34
30-01-2019,5.58
31-01-2019,5.25
01-02-2019,5.34
02-02-2019,5.34
03-02-2019,5.11
04-02-2019,5.34
05-02-2019,5.2
06-02-2019,5.58
07-02-2019,5.58
08-02-2019,5.54
09-02-2019,5.56
10-02-2019,5.56
11-02-2019,5.21
12-02-2019,5.01
13-02-2019,5.04
14-02-2019,5.04
15-02-2019,5.04
16-02-2019,4.88
17-02-2019,4.67
18-02-2019,4.81
19-02-2019,4.89
20-02-2019,4.91
21-02-2019,4.97
22-02-2019,5.09
23-02-2019,4.68
24-02-2019,4.68
25-02-2019,4.86
26-02-2019,4.86
27-02-2019,4.59
28-02-2019,4.79
01-03-2019,4.79
02-03-2019,4.61
03-03-2019,4.64
04-03-2019,4.83
05-03-2019,5.13
06-03-2019,5.06
07-03-2019,4.88
08-03-2019,4.95
09-03-2019,4.83
10-03-2019,5.06
11-03-2019,5.8
12-03-2019,6.05
13-03-2019,6.21
14-03-2019,6.38
15-03-2019,6.25
16-03-2019,6.04
17-03-2019,5.58
18-03-2019,5.89
19-03-2019,5.71
20-03-2019,5.96
21-03-2019,5.53
22-03-2019,5.77
23-03-2019,5.56
24-03-2019,5.56
25-03-2019,6.17
26-03-2019,6.42
27-03-2019,6.59
28-03-2019,6.42
29-03-2019,6.17
30-03-2019,6.21
31-03-2019,5.72
01-04-2019,5.96
02-04-2019,6.04
03-04-2019,6.11
04-04-2019,6.89
05-04-2019,6.96
06-04-2019,6.33
08-04-2019,6.75
09-04-2019,6.98
10-04-2019,6.77
11-04-2019,6.85
12-04-2019,6.89
13-04-2019,6.94
14-04-2019,6.94
15-04-2019,7.45
16-04-2019,7.13
17-04-2019,6.89
18-04-2019,7.23
19-04-2019,6.89
20-04-2019,7.29
21-04-2019,6.92
22-04-2019,7.19
23-04-2019,7.64
24-04-2019,7.74
25-04-2019,7.36
26-04-2019,8.03
27-04-2019,7.48
28-04-2019,7.28
29-04-2019,7.33
30-04-2019,7.75
02-05-2019,8.02
03-05-2019,8
04-05-2019,8
05-05-2019,7.67
06-05-2019,8.02
07-05-2019,8.33
08-05-2019,8.27
09-05-2019,8.29
10-05-2019,9.02
11-05-2019,8.69
12-05-2019,8.81
13-05-2019,9.02
14-05-2019,9.02
15-05-2019,9.15
16-05-2019,9.56
17-05-2019,9.63
18-05-2019,9.54
19-05-2019,9.64
20-05-2019,9.63
21-05-2019,9.56
22-05-2019,10.04
23-05-2019,10.4
24-05-2019,10.77
25-05-2019,10.7
26-05-2019,11
27-05-2019,10.5
28-05-2019,10.88
29-05-2019,10.38
30-05-2019,10.91
31-05-2019,10.91
01-06-2019,11.04
02-06-2019,10.22
03-06-2019,10.41
04-06-2019,10.5
05-06-2019,10
06-06-2019,10.54
07-06-2019,10.75
08-06-2019,10
09-06-2019,10
10-06-2019,11.04
11-06-2019,12.21
12-06-2019,12.54
13-06-2019,12.16
14-06-2019,12.04
15-06-2019,11.58
16-06-2019,11.28
17-06-2019,12.46
18-06-2019,12.08
19-06-2019,12.33
20-06-2019,12.16
21-06-2019,12.08
22-06-2019,10.61
23-06-2019,10.83
24-06-2019,11.5
25-06-2019,11.63
26-06-2019,11.67
27-06-2019,11.96
28-06-2019,12.04
29-06-2019,12
30-06-2019,11.16
01-07-2019,11.87
02-07-2019,12.21
03-07-2019,12.12
04-07-2019,12.41
05-07-2019,11.88
06-07-2019,12.16
07-07-2019,11.39
08-07-2019,12
09-07-2019,12
10-07-2019,11.96
11-07-2019,11.88
12-07-2019,11.79
13-07-2019,10.94
14-07-2019,10.72
15-07-2019,11.66
16-07-2019,11.62
17-07-2019,11.41
18-07-2019,11.75
19-07-2019,11.79
20-07-2019,10.92
21-07-2019,10.4
22-07-2019,11.05
23-07-2019,11.34
24-07-2019,10.91
25-07-2019,11.27
26-07-2019,11.27
27-07-2019,10.47
28-07-2019,10.61
29-07-2019,11.46
30-07-2019,11.04
31-07-2019,11.42
01-08-2019,11.38
02-08-2019,11.83
03-08-2019,11.75
04-08-2019,11.16
05-08-2019,11.96
06-08-2019,12.38
07-08-2019,12.88
08-08-2019,13.18
09-08-2019,12.85
10-08-2019,11.36
11-08-2019,11.64
12-08-2019,11.58
13-08-2019,12.44
14-08-2019,12.48
15-08-2019,12.14
16-08-2019,12.77
17-08-2019,13.8
18-08-2019,14.3
19-08-2019,15.4
20-08-2019,15.83
21-08-2019,16.79
22-08-2019,17.67
23-08-2019,18.54
24-08-2019,17.66
25-08-2019,17.28
26-08-2019,18.79
27-08-2019,18.46
28-08-2019,20.08
29-08-2019,21.42
30-08-2019,22.25
31-08-2019,22.25
01-09-2019,20.33
02-09-2019,20
03-09-2019,21.54
04-09-2019,21.75
05-09-2019,21.75
06-09-2019,22.33
09-09-2019,22.08
10-09-2019,22.54
11-09-2019,23.38
12-09-2019,23.5
13-09-2019,24.13
14-09-2019,23.5
15-09-2019,24.11
16-09-2019,26.62
17-09-2019,27.71
18-09-2019,28.46
19-09-2019,29.13
20-09-2019,32.42
21-09-2019,36.06
22-09-2019,32.83
23-09-2019,36.71
24-09-2019,36.25
25-09-2019,36.08
26-09-2019,35.17
27-09-2019,32.5
28-09-2019,30.33
29-09-2019,30.89
30-09-2019,32.5
01-10-2019,31.17
02-10-2019,30.11
03-10-2019,31.13
04-10-2019,28.25
05-10-2019,27.21
06-10-2019,27.44
07-10-2019,28.58
08-10-2019,29.67
09-10-2019,31.54
10-10-2019,31.42
11-10-2019,31.42
12-10-2019,30.22
13-10-2019,28.33
14-10-2019,28.67
15-10-2019,28.17
16-10-2019,27.63
17-10-2019,27.04
18-10-2019,25.5
19-10-2019,24.83
20-10-2019,23.33
21-10-2019,23.33
22-10-2019,24.75
23-10-2019,25.78
24-10-2019,27.79
25-10-2019,28.21
26-10-2019,25.89
27-10-2019,26.66
28-10-2019,26.89
29-10-2019,27.77
30-10-2019,30.54
31-10-2019,30
01-11-2019,31
02-11-2019,33.25
03-11-2019,30
04-11-2019,36.33
05-11-2019,40.71
06-11-2019,39.92
07-11-2019,38.21
08-11-2019,37.71
09-11-2019,35.67
10-11-2019,35.22
11-11-2019,41.42
12-11-2019,38.89
13-11-2019,39.11
14-11-2019,41.42
15-11-2019,39.88
16-11-2019,39.87
17-11-2019,37.33
18-11-2019,41.67
19-11-2019,42.17
20-11-2019,42.5
21-11-2019,43.25
22-11-2019,45.92
23-11-2019,45.11
24-11-2019,45.66
25-11-2019,53.33
26-11-2019,57.75
27-11-2019,56.58
28-11-2019,51.58
29-11-2019,53.58
30-11-2019,54
01-12-2019,49.78
02-12-2019,56.92
03-12-2019,57.21
04-12-2019,70.96
05-12-2019,75
06-12-2019,75.75
07-12-2019,77.25
08-12-2019,71.33
09-12-2019,69
10-12-2019,69.33
11-12-2019,66.92
12-12-2019,59
13-12-2019,57.5
14-12-2019,55.67
15-12-2019,54.44
16-12-2019,59.33
17-12-2019,69.25
18-12-2019,68.08
19-12-2019,68.5
20-12-2019,68.67
21-12-2019,65.67
22-12-2019,62
23-12-2019,58.67
24-12-2019,59
25-12-2019,54.67
26-12-2019,58.08
27-12-2019,61.79
28-12-2019,54.78
29-12-2019,54.22
30-12-2019,58.33
31-12-2019,53.42
01-01-2020,51.5
02-01-2020,48.67
03-01-2020,45.67
04-01-2020,44.33
05-01-2020,43.78
06-01-2020,44.67
07-01-2020,44.67
08-01-2020,43.79
09-01-2020,41.92
10-01-2020,39.04
11-01-2020,35.78
12-01-2020,35.22
13-01-2020,34.37
14-01-2020,29.67
15-01-2020,31.92
16-01-2020,32.92
17-01-2020,32
18-01-2020,32.96
19-01-2020,31.22
20-01-2020,33.67
21-01-2020,36.62
22-01-2020,37.96
23-01-2020,36.33
24-01-2020,34.25
25-01-2020,32.33
26-01-2020,33
27-01-2020,33.75
28-01-2020,30.13
29-01-2020,28.13
30-01-2020,27.21
31-01-2020,24.42
01-02-2020,25.04
02-02-2020,24.33
03-02-2020,23.56
04-02-2020,22.79
05-02-2020,21.25
06-02-2020,19.88
07-02-2020,18.96
08-02-2020,18.22
09-02-2020,17.67
10-02-2020,17.08
11-02-2020,17.96
12-02-2020,18.46
13-02-2020,19.13
14-02-2020,19
15-02-2020,18.5
16-02-2020,17.78
17-02-2020,18.71
18-02-2020,17.87
19-02-2020,17
20-02-2020,18.37
21-02-2020,17
22-02-2020,17.33
23-02-2020,16.89
24-02-2020,17.12
25-02-2020,18.04
26-02-2020,17.13
27-02-2020,17.54
28-02-2020,17.71
29-02-2020,16.89
01-03-2020,16.89
02-03-2020,16.83
03-03-2020,16.96
04-03-2020,16
05-03-2020,15.54
06-03-2020,16.21
07-03-2020,16.05
08-03-2020,16.05
09-03-2020,16.08
10-03-2020,15.61
11-03-2020,16.21
12-03-2020,16.08
13-03-2020,15.66
14-03-2020,14.5
15-03-2020,14.5
16-03-2020,15.7
17-03-2020,14.62
18-03-2020,14
19-03-2020,14.17
20-03-2020,14.04
21-03-2020,13.39
23-03-2020,13.39
24-03-2020,15.22
25-03-2020,14.89
26-03-2020,15.55
27-03-2020,15.55
28-03-2020,16.54
29-03-2020,16.72
30-03-2020,16.54
31-03-2020,17.83
01-04-2020,18.21
02-04-2020,17.63
03-04-2020,16.5
05-04-2020,13.06
06-04-2020,13.29
07-04-2020,13.79
08-04-2020,14.25
09-04-2020,13.75
10-04-2020,13.33
11-04-2020,13.56
12-04-2020,13.67
13-04-2020,12.5
14-04-2020,12.09
15-04-2020,12.17
16-04-2020,12.78
17-04-2020,11.61
18-04-2020,11.67
19-04-2020,12.59
20-04-2020,11.89
21-04-2020,11.44
22-04-2020,10.44
23-04-2020,9.17
24-04-2020,9.56
25-04-2020,9.84
26-04-2020,10.33
27-04-2020,9.33
28-04-2020,9.67
29-04-2020,9.83
30-04-2020,8.95
01-05-2020,8.34
02-05-2020,8.34
03-05-2020,8.06
04-05-2020,8.79
05-05-2020,9.17
06-05-2020,9.17
07-05-2020,9.28
08-05-2020,9.67
09-05-2020,9.5
10-05-2020,9.25
11-05-2020,9.25
12-05-2020,8.66
13-05-2020,8.5
14-05-2020,7.91
15-05-2020,7.66
16-05-2020,7.91
17-05-2020,7.66
18-05-2020,8.61
19-05-2020,8.61
20-05-2020,8.72
21-05-2020,9.17
22-05-2020,8.5
23-05-2020,8.67
24-05-2020,7.91
25-05-2020,8.44
26-05-2020,8.67
27-05-2020,8.33
28-05-2020,8.33
29-05-2020,8
30-05-2020,9.25
31-05-2020,9.91
01-06-2020,9.41
02-06-2020,8.46
03-06-2020,8.66
04-06-2020,8.66
05-06-2020,8.66
06-06-2020,8.46
07-06-2020,8.88
08-06-2020,8.63
09-06-2020,8.83
10-06-2020,8.91
11-06-2020,8.54
12-06-2020,8.25
13-06-2020,8.21
14-06-2020,8.11
15-06-2020,8.88
16-06-2020,8.75
17-06-2020,8.63
18-06-2020,8.6
19-06-2020,8.25
20-06-2020,8.28
21-06-2020,8.28
22-06-2020,8.21
23-06-2020,8.21
24-06-2020,8.33
25-06-2020,9.17
26-06-2020,9.25
27-06-2020,9.17
28-06-2020,9
29-06-2020,9.13
30-06-2020,9.21
01-07-2020,8.71
02-07-2020,8.04
03-07-2020,8.04
04-07-2020,8.13
05-07-2020,7.78
06-07-2020,8.21
07-07-2020,7.96
08-07-2020,7.92
09-07-2020,7.5
10-07-2020,7.96
11-07-2020,7.17
12-07-2020,7.64
13-07-2020,7.86
14-07-2020,8.17
15-07-2020,8.03
16-07-2020,7.56
17-07-2020,8.11
18-07-2020,7.59
19-07-2020,8.09
20-07-2020,7.89
21-07-2020,7.38
22-07-2020,7.25
23-07-2020,7.13
24-07-2020,7.5
25-07-2020,7.5
26-07-2020,7.28
27-07-2020,7.46
28-07-2020,7.23
29-07-2020,7.71
30-07-2020,6.92
31-07-2020,7.49
01-08-2020,6.98
02-08-2020,6.91
03-08-2020,7.31
04-08-2020,7.31
05-08-2020,7.42
06-08-2020,7.04
07-08-2020,7.16
08-08-2020,6.47
09-08-2020,6.72
10-08-2020,7.38
11-08-2020,7.79
12-08-2020,7.58
13-08-2020,7.85
14-08-2020,7.83
15-08-2020,8
16-08-2020,8.39
17-08-2020,8.54
18-08-2020,9.59
19-08-2020,10.17
20-08-2020,11.02
21-08-2020,11.63
22-08-2020,12.42
23-08-2020,12.42
24-08-2020,12.69
25-08-2020,13.08
26-08-2020,12.19
27-08-2020,13.08
28-08-2020,12.88
29-08-2020,12.11
30-08-2020,12.44
31-08-2020,13.33
01-09-2020,13.33
02-09-2020,13.33
03-09-2020,14
04-09-2020,14.08
05-09-2020,14.72
06-09-2020,14.72
07-09-2020,15.29
08-09-2020,15.54
09-09-2020,16
10-09-2020,16.38
11-09-2020,17.25
12-09-2020,17.22
13-09-2020,16.56
14-09-2020,18.17
15-09-2020,19
16-09-2020,17.38
17-09-2020,17.88
18-09-2020,17.63
19-09-2020,17.11
20-09-2020,17.56
21-09-2020,19.92
22-09-2020,21.83
23-09-2020,24.71
24-09-2020,24.46
25-09-2020,23.75
26-09-2020,25.67
27-09-2020,26.39
28-09-2020,28.29
29-09-2020,28.67
30-09-2020,31.17
01-10-2020,31.54
02-10-2020,27.33
03-10-2020,27.33
04-10-2020,26.28
05-10-2020,29.71
06-10-2020,28.88
07-10-2020,28.88
08-10-2020,27.71
09-10-2020,27.77
10-10-2020,26.58
11-10-2020,23.13
12-10-2020,28.88
13-10-2020,30.67
14-10-2020,33.04
15-10-2020,33.88
16-10-2020,35.92
17-10-2020,34.72
18-10-2020,35.28
19-10-2020,37.71
20-10-2020,42.58
21-10-2020,48.29
22-10-2020,46.79
23-10-2020,47.83
24-10-2020,41.78
25-10-2020,41.78
26-10-2020,48.83
27-10-2020,46.92
28-10-2020,46.67
29-10-2020,47.12
30-10-2020,42.56
31-10-2020,43.89
01-11-2020,43.89
02-11-2020,47.71
03-11-2020,47.71
04-11-2020,46.71
05-11-2020,45.54
06-11-2020,41.75
07-11-2020,35.78
08-11-2020,36.22
09-11-2020,40.79
10-11-2020,39.04
11-11-2020,40.38
12-11-2020,39.42
13-11-2020,38.75
14-11-2020,36.67
15-11-2020,35.67
16-11-2020,36.22
17-11-2020,37.71
18-11-2020,36.46
19-11-2020,35.54
20-11-2020,34.29
21-11-2020,32.05
22-11-2020,32.05
23-11-2020,33.79
24-11-2020,38.83
25-11-2020,36.96
26-11-2020,35.83
27-11-2020,35.5
28-11-2020,31.78
29-11-2020,31.33
30-11-2020,31.33
01-12-2020,30.71
02-12-2020,32
03-12-2020,30.75
04-12-2020,30
05-12-2020,27.83
06-12-2020,27.83
07-12-2020,26.21
08-12-2020,30.25
09-12-2020,26.87
10-12-2020,26.42
11-12-2020,25.25
12-12-2020,26
13-12-2020,27.33
14-12-2020,25.58
15-12-2020,25.92
16-12-2020,27.54
17-12-2020,28.17
18-12-2020,26.02
19-12-2020,25.17
20-12-2020,30.25
21-12-2020,26.05
22-12-2020,22.79
23-12-2020,20.83
24-12-2020,20.38
25-12-2020,19.5
26-12-2020,17.58
27-12-2020,19.83
28-12-2020,20.04
29-12-2020,20.08
30-12-2020,20.83
31-12-2020,22.71
01-01-2021,23.88
02-01-2021,22.89
03-01-2021,22.75
04-01-2021,23.25
05-01-2021,22.71
06-01-2021,25.5
07-01-2021,23.38
08-01-2021,24.79
09-01-2021,23
10-01-2021,23.83
11-01-2021,24.56
12-01-2021,27.38
13-01-2021,26
14-01-2021,24.96
15-01-2021,25.83
16-01-2021,32
18-01-2021,30.75
19-01-2021,27.08
20-01-2021,32.25
21-01-2021,29.17
22-01-2021,28.67
25-01-2021,28.17
27-01-2021,24.56
28-01-2021,24.42
29-01-2021,25.22
30-01-2021,24.83
31-01-2021,24.83
01-02-2021,25.58
02-02-2021,26.46
03-02-2021,33.83
04-02-2021,33.83
05-02-2021,29.46
06-02-2021,25.78
07-02-2021,22.33
08-02-2021,26.28
09-02-2021,27.83
10-02-2021,30.33
11-02-2021,36.5
12-02-2021,35.75
13-02-2021,31.5
14-02-2021,31.5
15-02-2021,36
16-02-2021,34.5
17-02-2021,35.25
18-02-2021,36.25
19-02-2021,32.05
20-02-2021,35.1
21-02-2021,35.1
22-02-2021,38.5
23-02-2021,41.25
24-02-2021,41.25
25-02-2021,35.5
26-02-2021,28
27-02-2021,28
28-02-2021,28
01-03-2021,24.25
02-03-2021,23
03-03-2021,26.75
04-03-2021,24.13
05-03-2021,22.25
06-03-2021,19
07-03-2021,19
08-03-2021,26.17
09-03-2021,18.25
10-03-2021,20.77
11-03-2021,20.6
12-03-2021,19.07
13-03-2021,13.5
14-03-2021,13.5
15-03-2021,14.75
16-03-2021,14.25
17-03-2021,19.13
18-03-2021,18.7
19-03-2021,17.9
20-03-2021,19.35
21-03-2021,10.5
22-03-2021,14.83
23-03-2021,12.67
24-03-2021,12.67
25-03-2021,12.5
26-03-2021,12.88
27-03-2021,12.47
28-03-2021,9.5
29-03-2021,9.5
30-03-2021,11.6
31-03-2021,13.83
01-04-2021,10.5
02-04-2021,9
03-04-2021,9.25
04-04-2021,9.5
05-04-2021,10.7
06-04-2021,10.5
07-04-2021,9.75
08-04-2021,9.5
09-04-2021,9.5
10-04-2021,8.5
11-04-2021,9
12-04-2021,9.75
13-04-2021,8.5
14-04-2021,8.5
15-04-2021,9.5
16-04-2021,10
17-04-2021,9.5
18-04-2021,9.5
19-04-2021,10.5
20-04-2021,9.75
21-04-2021,9.5
22-04-2021,9.75
23-04-2021,9.75
24-04-2021,9.5
25-04-2021,9.5
26-04-2021,10.25
27-04-2021,10.25
28-04-2021,10.5
29-04-2021,10.5
30-04-2021,11
01-05-2021,10.25
02-05-2021,11
03-05-2021,10.33
04-05-2021,10.17
05-05-2021,12.25
06-05-2021,11.75
07-05-2021,12
08-05-2021,10.5
09-05-2021,10.5
10-05-2021,10
11-05-2021,9.83
12-05-2021,10.5
13-05-2021,13.5
14-05-2021,12.5
15-05-2021,13.5
16-05-2021,13.5
17-05-2021,13
18-05-2021,12.75
19-05-2021,13.25
20-05-2021,11
21-05-2021,12.17
22-05-2021,13.5
23-05-2021,13.5
24-05-2021,14
25-05-2021,13.75
26-05-2021,13.5
27-05-2021,12.67
28-05-2021,15
29-05-2021,13
30-05-2021,13
31-05-2021,16.5
01-06-2021,16
02-06-2021,17.5
03-06-2021,18.25
04-06-2021,18.5
05-06-2021,17.5
06-06-2021,17.5
07-06-2021,18.25
08-06-2021,18.25
09-06-2021,18
10-06-2021,18
11-06-2021,18.5
12-06-2021,18
13-06-2021,18
14-06-2021,17.75
15-06-2021,17.75
16-06-2021,18.5
17-06-2021,19
18-06-2021,18
19-06-2021,18
20-06-2021,18
21-06-2021,18
22-06-2021,18.25
23-06-2021,19
24-06-2021,18.5
25-06-2021,18.75
26-06-2021,18.5
27-06-2021,18.5
28-06-2021,18.5
29-06-2021,17.75
30-06-2021,17.5
01-07-2021,17.5
02-07-2021,17.25
03-07-2021,16
04-07-2021,16
05-07-2021,17
06-07-2021,15
07-07-2021,18.5
08-07-2021,18
09-07-2021,16.25
10-07-2021,14
11-07-2021,14
12-07-2021,16.75
13-07-2021,16.75
14-07-2021,16.75
15-07-2021,17.5
16-07-2021,17.5
19-07-2021,17.5
22-07-2021,17.5
23-07-2021,19
26-07-2021,19
27-07-2021,18
28-07-2021,18
29-07-2021,19
30-07-2021,19.5
02-08-2021,19
03-08-2021,17.5
04-08-2021,18
05-08-2021,17
09-08-2021,16.5
10-08-2021,17
11-08-2021,18
12-08-2021,16
13-08-2021,17
17-08-2021,16.5
18-08-2021,18
19-08-2021,17.5
20-08-2021,15.5
21-08-2021,14.5
22-08-2021,14.5
23-08-2021,16.5
24-08-2021,16
25-08-2021,16.33
26-08-2021,14.5
27-08-2021,13.25
28-08-2021,12.5
29-08-2021,12.5
30-08-2021,13
31-08-2021,14
01-09-2021,14.87
02-09-2021,15
03-09-2021,15.27
04-09-2021,16.4
05-09-2021,12.8
06-09-2021,15.27
07-09-2021,14.15
08-09-2021,14.25
09-09-2021,15.83
10-09-2021,11.5
11-09-2021,15.75
12-09-2021,15.75
13-09-2021,15.93
14-09-2021,15.07
15-09-2021,16.33
16-09-2021,15
17-09-2021,15.7
18-09-2021,16.3
19-09-2021,16.3
20-09-2021,12.83
21-09-2021,13.5
22-09-2021,12.83
23-09-2021,17.5
24-09-2021,19
25-09-2021,18
26-09-2021,17
27-09-2021,19.2
28-09-2021,19.2
29-09-2021,18.9
30-09-2021,20.1
01-10-2021,22
02-10-2021,22.75
03-10-2021,23.5
04-10-2021,23.2
05-10-2021,23.2
06-10-2021,25.1
07-10-2021,27.2
08-10-2021,24.9
09-10-2021,22.83
10-10-2021,25.25
11-10-2021,25.5
12-10-2021,24.3
13-10-2021,25.8
14-10-2021,25.7
15-10-2021,23.38
16-10-2021,23.38
17-10-2021,26.83
18-10-2021,27.5
19-10-2021,25
20-10-2021,26
21-10-2021,26.2
22-10-2021,25.8
23-10-2021,24.38
24-10-2021,23.75
25-10-2021,26.38
26-10-2021,24.9
27-10-2021,26
28-10-2021,26.4
29-10-2021,23.75
30-10-2021,26
31-10-2021,23
01-11-2021,26.2
02-11-2021,23.5
03-11-2021,24.4
04-11-2021,24.25
05-11-2021,23.75
06-11-2021,23.75
07-11-2021,22.33
08-11-2021,23
09-11-2021,26.13
10-11-2021,24.6
11-11-2021,25
12-11-2021,26
13-11-2021,25.75
14-11-2021,26.33
15-11-2021,26.2
16-11-2021,26.5
17-11-2021,25.4
18-11-2021,24
19-11-2021,24
20-11-2021,23
21-11-2021,23
22-11-2021,22.88
23-11-2021,22.13
24-11-2021,22.25
25-11-2021,24.33
26-11-2021,24.33
27-11-2021,23
28-11-2021,23
29-11-2021,22.25
30-11-2021,21.75
01-12-2021,21.5
02-12-2021,19.33
03-12-2021,22
04-12-2021,23.33
05-12-2021,23.33
06-12-2021,24.63
07-12-2021,23.75
08-12-2021,22.17
09-12-2021,20.83
10-12-2021,22.5
11-12-2021,23.33
12-12-2021,23.67
13-12-2021,27.25
14-12-2021,23.75
15-12-2021,23.13
16-12-2021,25.17
17-12-2021,25.33
18-12-2021,26
19-12-2021,26
20-12-2021,25.67
21-12-2021,25
22-12-2021,22.7
23-12-2021,22.5
24-12-2021,22.9
25-12-2021,23.33
26-12-2021,23.33
27-12-2021,23.6
28-12-2021,22.75
29-12-2021,23.8
30-12-2021,23.7
31-12-2021,23.7
01-01-2022,22.88
02-01-2022,22.88
03-01-2022,24.3
04-01-2022,25.38
05-01-2022,24.5
06-01-2022,24.75
07-01-2022,25
08-01-2022,24.88
09-01-2022,24.88
10-01-2022,24.75
11-01-2022,24.25
12-01-2022,24.3
13-01-2022,23.88
14-01-2022,24.7
15-01-2022,24.13
16-01-2022,24.13
17-01-2022,23.7
18-01-2022,24.13
19-01-2022,24.4
20-01-2022,24.4
21-01-2022,26.17
22-01-2022,25.2
23-01-2022,25.2
24-01-2022,25.33
25-01-2022,26.7
26-01-2022,25.1
27-01-2022,25.08
28-01-2022,24.92
29-01-2022,25
30-01-2022,25
31-01-2022,24.67
01-02-2022,24.58
02-02-2022,24.58
03-02-2022,24.75
04-02-2022,22
05-02-2022,21.33
06-02-2022,23
07-02-2022,22.9
08-02-2022,22.9
09-02-2022,23.7
10-02-2022,23.5
11-02-2022,24.4
12-02-2022,24.5
13-02-2022,24.75
14-02-2022,28.6
15-02-2022,33
16-02-2022,28.9
17-02-2022,26.75
18-02-2022,25.75
19-02-2022,26.25
20-02-2022,26.25
21-02-2022,26.7
22-02-2022,29
23-02-2022,28.6
24-02-2022,28.08
25-02-2022,27.75
26-02-2022,26
27-02-2022,26
28-02-2022,25.7
01-03-2022,25.25
02-03-2022,24.1
03-03-2022,23.7
04-03-2022,23.9
05-03-2022,23.25
06-03-2022,23.25
07-03-2022,22.75
08-03-2022,22.1
09-03-2022,21.58
10-03-2022,20.33
11-03-2022,21.1
12-03-2022,23
13-03-2022,23
14-03-2022,21.25
15-03-2022,21.25
16-03-2022,21.25
17-03-2022,20.58
18-03-2022,21.6
19-03-2022,21.6
20-03-2022,21.6
21-03-2022,18.1
22-03-2022,18
23-03-2022,18.4
24-03-2022,17.3
25-03-2022,17.33
26-03-2022,18
27-03-2022,18
28-03-2022,16
29-03-2022,16.4
30-03-2022,14.75
31-03-2022,14.72
01-04-2022,14.83
02-04-2022,15.46
03-04-2022,15.46
04-04-2022,14.88
05-04-2022,14.3
06-04-2022,14.17
07-04-2022,14
08-04-2022,14.02
09-04-2022,14.3
10-04-2022,14.3
11-04-2022,13.37
12-04-2022,13.33
13-04-2022,13.17
14-04-2022,14
15-04-2022,16.5
16-04-2022,16.5
17-04-2022,16.3
18-04-2022,15
19-04-2022,16.25
20-04-2022,15.63
21-04-2022,13.33
22-04-2022,13.33
23-04-2022,14.2
24-04-2022,15.75
25-04-2022,13.58
26-04-2022,13.33
27-04-2022,13
28-04-2022,12.67
29-04-2022,11.96
30-04-2022,13.4
01-05-2022,13.4
02-05-2022,12.92
03-05-2022,13.6
04-05-2022,13
05-05-2022,13.01
06-05-2022,12.92
07-05-2022,13.65
08-05-2022,13.65
09-05-2022,12.92
10-05-2022,13
11-05-2022,12.83
12-05-2022,12.5
13-05-2022,12.5
14-05-2022,13
15-05-2022,13
16-05-2022,13
17-05-2022,12.25
18-05-2022,12.17
19-05-2022,12.33
20-05-2022,12.25
21-05-2022,13.2
22-05-2022,13.2
23-05-2022,12.44
24-05-2022,12.35
25-05-2022,12.83
26-05-2022,12.42
27-05-2022,12.29
28-05-2022,13.11
29-05-2022,14.5
30-05-2022,12.67
31-05-2022,12.75
01-06-2022,12.92
02-06-2022,12.33
03-06-2022,12.33
04-06-2022,13.1
05-06-2022,13.1
06-06-2022,12.75
07-06-2022,12.71
08-06-2022,12.58
09-06-2022,12.71
10-06-2022,13.9
11-06-2022,13.7
12-06-2022,13.7
13-06-2022,13
14-06-2022,13.58
15-06-2022,13.42
16-06-2022,13.75
17-06-2022,13.75
18-06-2022,14.4
19-06-2022,14.4
20-06-2022,13.07
21-06-2022,13.08
22-06-2022,13.21
23-06-2022,13.36
24-06-2022,13.36
25-06-2022,13.83
26-06-2022,15.2
27-06-2022,13.21
28-06-2022,12.93
29-06-2022,13.21
30-06-2022,13.21
01-07-2022,13.5
02-07-2022,13.25
03-07-2022,13.25
04-07-2022,13.36
05-07-2022,13.93
06-07-2022,14
07-07-2022,14.23
08-07-2022,14.22
09-07-2022,14.25
10-07-2022,14.25
11-07-2022,14.36
12-07-2022,14.18
13-07-2022,14.29
14-07-2022,14.43
15-07-2022,14.68
16-07-2022,15
17-07-2022,15
18-07-2022,15
19-07-2022,14.79
20-07-2022,14.64
21-07-2022,14.5
22-07-2022,14.29
23-07-2022,14.5
24-07-2022,14.5
25-07-2022,13.93
26-07-2022,13.86
27-07-2022,14
28-07-2022,14.57
29-07-2022,14.15
30-07-2022,14.58
31-07-2022,14.7
01-08-2022,13.93
02-08-2022,14.21
03-08-2022,14.36
04-08-2022,14.07
05-08-2022,14.71
06-08-2022,14.75
07-08-2022,14.75
08-08-2022,14.86
09-08-2022,15.17
10-08-2022,15.07
11-08-2022,15
12-08-2022,15.07
13-08-2022,15.17
14-08-2022,15.17
15-08-2022,15.33
16-08-2022,15.33
17-08-2022,15.49
18-08-2022,15.93
19-08-2022,16.58
20-08-2022,16.58
21-08-2022,16.58
22-08-2022,15.64
23-08-2022,15.36
24-08-2022,16
25-08-2022,15.64
26-08-2022,15.86
27-08-2022,16.5
28-08-2022,16.5
29-08-2022,15.89
30-08-2022,15.29
31-08-2022,16
01-09-2022,15.43
02-09-2022,15.57
03-09-2022,15.88
04-09-2022,15.88
05-09-2022,15.59
06-09-2022,15.64
07-09-2022,15.57
08-09-2022,15.64
09-09-2022,16.02
10-09-2022,15.86
11-09-2022,15.86
12-09-2022,15.25
13-09-2022,16.21
14-09-2022,15.8
15-09-2022,15.42
16-09-2022,15.33
17-09-2022,15.59
18-09-2022,15.73
19-09-2022,15.04
20-09-2022,15.25
21-09-2022,15.42
22-09-2022,15.38
23-09-2022,15.83
24-09-2022,15.63
25-09-2022,15.86
26-09-2022,15.15
27-09-2022,14.96
28-09-2022,15.15
29-09-2022,15.5
30-09-2022,15.79
01-10-2022,15.83
02-10-2022,15.82
03-10-2022,15.5
04-10-2022,15.62
05-10-2022,15.75
06-10-2022,15.54
07-10-2022,15.96
08-10-2022,16.08
09-10-2022,16.25
10-10-2022,16.19
11-10-2022,16.96
12-10-2022,17.46
13-10-2022,17.62
14-10-2022,18
15-10-2022,18.7
16-10-2022,18.87
17-10-2022,18.87
18-10-2022,20
19-10-2022,19.79
20-10-2022,20.21
21-10-2022,20.17
22-10-2022,20.53
23-10-2022,20.53
24-10-2022,20.01
25-10-2022,20.64
26-10-2022,20.72
27-10-2022,20.76
28-10-2022,20.68
29-10-2022,21.18
30-10-2022,21.37
31-10-2022,21.8
01-11-2022,21.97
02-11-2022,22.63
03-11-2022,23.83
04-11-2022,24.25
05-11-2022,23.19
06-11-2022,23.19
07-11-2022,23.04
08-11-2022,22.92
09-11-2022,22.48
10-11-2022,22.15
11-11-2022,21.77
12-11-2022,21.96
13-11-2022,21.96
14-11-2022,21.5
15-11-2022,21.12
16-11-2022,21.28
17-11-2022,21.43
18-11-2022,27
19-11-2022,21.75
20-11-2022,20.75
21-11-2022,20.65
22-11-2022,20.48
23-11-2022,20.05
24-11-2022,20.23
25-11-2022,20.06
26-11-2022,20.05
27-11-2022,19.86
28-11-2022,19.25
29-11-2022,18.77
30-11-2022,18.81
01-12-2022,18.71
02-12-2022,18.48
03-12-2022,18.04
04-12-2022,17.54
05-12-2022,18.02
06-12-2022,17.85
07-12-2022,17.78
08-12-2022,17.78
09-12-2022,17.32
10-12-2022,17.4
11-12-2022,17.05
12-12-2022,17.52
13-12-2022,17.71
14-12-2022,17.63
15-12-2022,17.94
16-12-2022,18.36
17-12-2022,18.66
18-12-2022,18.55
19-12-2022,18.02
20-12-2022,18.05
21-12-2022,18.18
22-12-2022,18.26
23-12-2022,18.67
24-12-2022,18.95
25-12-2022,19.01
26-12-2022,19.01
27-12-2022,18.49
28-12-2022,18.51
29-12-2022,18.31
30-12-2022,18.39
31-12-2022,18.74
01-01-2023,18.87
02-01-2023,18.36
03-01-2023,18.36
04-01-2023,18.54
05-01-2023,18.91
06-01-2023,18.77
07-01-2023,18.93
08-01-2023,18.92
09-01-2023,18.78
10-01-2023,18.56
11-01-2023,18.88
12-01-2023,18.92
13-01-2023,18.5
14-01-2023,17.54
15-01-2023,17.94
16-01-2023,18.18
17-01-2023,18.13
18-01-2023,18.05
19-01-2023,18.61
20-01-2023,18.63
21-01-2023,19.39
22-01-2023,19.19
23-01-2023,17.85
24-01-2023,18.23
25-01-2023,17.91
26-01-2023,17.88
27-01-2023,17.83
28-01-2023,17.63
29-01-2023,17.58
30-01-2023,17.79
31-01-2023,17.57
01-02-2023,17.46
02-02-2023,17.18
03-02-2023,17
04-02-2023,17.16
05-02-2023,17.13
06-02-2023,17.05
07-02-2023,16.79
08-02-2023,16.66
09-02-2023,16.66
10-02-2023,16.61
11-02-2023,16.34
12-02-2023,16.31
13-02-2023,16.21
14-02-2023,16.16
15-02-2023,16.09
16-02-2023,16.13
17-02-2023,15.79
18-02-2023,15.67
19-02-2023,15.83
20-02-2023,15.51
21-02-2023,15.33
22-02-2023,15.12
23-02-2023,14.82
24-02-2023,14.61
25-02-2023,14.45
26-02-2023,14
27-02-2023,14.44
28-02-2023,14.4
01-03-2023,14.19
02-03-2023,13.9
03-03-2023,13.81
04-03-2023,13.96
05-03-2023,13.91
06-03-2023,13.99
07-03-2023,14.07
08-03-2023,14.06
09-03-2023,13.89
10-03-2023,13.88
11-03-2023,14.03
12-03-2023,13.97
13-03-2023,14.04
14-03-2023,14.31
15-03-2023,14.25
16-03-2023,14.36
17-03-2023,14.36
18-03-2023,14.36
19-03-2023,14.33
20-03-2023,14.36
21-03-2023,14.03
22-03-2023,13.92
23-03-2023,13.99
24-03-2023,13.91
25-03-2023,13.71
26-03-2023,13.71
27-03-2023,13.71
28-03-2023,13.46
29-03-2023,13.18
30-03-2023,13.2
31-03-2023,13.12
01-04-2023,13.17
02-04-2023,13.52
03-04-2023,13.26
04-04-2023,13.34
05-04-2023,12.98
06-04-2023,13.1
07-04-2023,12.89
08-04-2023,12.81
09-04-2023,12.79
10-04-2023,12.56
11-04-2023,12.41
12-04-2023,12.39
13-04-2023,12.4
14-04-2023,12.38
15-04-2023,12.32
16-04-2023,12.28
17-04-2023,12.19
18-04-2023,12.03
19-04-2023,11.62
20-04-2023,11.5
21-04-2023,11.42
22-04-2023,11.35
23-04-2023,11.35
24-04-2023,11.16
25-04-2023,11.02
26-04-2023,11.11
27-04-2023,10.85
28-04-2023,10.99
29-04-2023,10.67
30-04-2023,10.56
01-05-2023,10.63
02-05-2023,10.75
03-05-2023,10.72
04-05-2023,10.8
05-05-2023,10.66
06-05-2023,10.8
07-05-2023,10.73
08-05-2023,10.6
09-05-2023,10.66
10-05-2023,10.56
11-05-2023,10.48
12-05-2023,10.42
13-05-2023,10.2
14-05-2023,10.02
15-05-2023,10.25
16-05-2023,10.39
17-05-2023,10.15
18-05-2023,9.93
19-05-2023,9.97
20-05-2023,9.98
21-05-2023,9.98
22-05-2023,10.13
23-05-2023,9.99
24-05-2023,10.24
25-05-2023,10.24
26-05-2023,10.25
27-05-2023,10.36
28-05-2023,10.36
29-05-2023,10.11
30-05-2023,10.31
31-05-2023,10.12
01-06-2023,9.97
02-06-2023,10.08
03-06-2023,10.24
04-06-2023,10.19
05-06-2023,10.41
06-06-2023,10.41
07-06-2023,10.56
08-06-2023,10.85
09-06-2023,10.94
10-06-2023,10.8
11-06-2023,10.8
12-06-2023,11.29
13-06-2023,11.35
14-06-2023,11.46
15-06-2023,11.41
16-06-2023,11.69
17-06-2023,11.35
18-06-2023,11.35
19-06-2023,11.72
20-06-2023,11.74
21-06-2023,11.94
22-06-2023,12.13
23-06-2023,12.16
24-06-2023,12.23
25-06-2023,12.38
26-06-2023,12.37
27-06-2023,12.5
28-06-2023,12.56
29-06-2023,12.83
30-06-2023,12.84
01-07-2023,12.83
02-07-2023,12.78
03-07-2023,12.75
04-07-2023,13.02
05-07-2023,13.21
06-07-2023,13.71
07-07-2023,13.9
08-07-2023,13.61
09-07-2023,13.61
10-07-2023,13.96
11-07-2023,13.99
12-07-2023,14.28
13-07-2023,14.38
14-07-2023,14.46
15-07-2023,14.17
16-07-2023,14.23
17-07-2023,14.41
18-07-2023,14.6
19-07-2023,14.74
20-07-2023,14.75
21-07-2023,14.87
22-07-2023,14.75
23-07-2023,14.84
24-07-2023,14.48
25-07-2023,14.39
26-07-2023,14.4
27-07-2023,14.61
28-07-2023,14.52
29-07-2023,14.53
30-07-2023,14.52
31-07-2023,14.57
01-08-2023,14.76
02-08-2023,14.64
03-08-2023,14.56
04-08-2023,14.19
05-08-2023,14.23
06-08-2023,14.29
07-08-2023,14.55
08-08-2023,14.75
09-08-2023,14.8
10-08-2023,15.43
11-08-2023,15.38
12-08-2023,15.43
13-08-2023,15.56
14-08-2023,15.89
15-08-2023,15.93
16-08-2023,15.87
17-08-2023,15.95
18-08-2023,16.61
19-08-2023,16.94
20-08-2023,17.36
21-08-2023,17.67
22-08-2023,18.74
23-08-2023,19.2
24-08-2023,20.41
25-08-2023,20.55
26-08-2023,21.46
27-08-2023,21.46
28-08-2023,21.06
29-08-2023,21.22
30-08-2023,20.77
31-08-2023,20.78
01-09-2023,20.86
02-09-2023,21.07
03-09-2023,20.97
04-09-2023,21.28
05-09-2023,21.05
06-09-2023,21.15
07-09-2023,21.05
08-09-2023,20.94
09-09-2023,20.81
10-09-2023,20.76
11-09-2023,20.48
12-09-2023,20.6
13-09-2023,20.61
14-09-2023,20.81
15-09-2023,20.92
16-09-2023,20.89
17-09-2023,20.89
18-09-2023,20.85
19-09-2023,20.78
20-09-2023,20.57
21-09-2023,20.48
22-09-2023,20.26
23-09-2023,20.35
24-09-2023,20.42
25-09-2023,20.34
26-09-2023,20.45
27-09-2023,20.76
28-09-2023,21.17
29-09-2023,21.23
30-09-2023,21.28
01-10-2023,21.3
02-10-2023,21.3
03-10-2023,21.43
04-10-2023,21.45
05-10-2023,21.87
06-10-2023,22.08
07-10-2023,22.22
08-10-2023,22.31
09-10-2023,22.33
10-10-2023,22.07
11-10-2023,22.17
12-10-2023,22.14
13-10-2023,22.07
14-10-2023,23.16
15-10-2023,22.84
16-10-2023,23.71
17-10-2023,24.97
18-10-2023,25.52
19-10-2023,25.73
20-10-2023,26.41
21-10-2023,27.04
22-10-2023,27.2
23-10-2023,27.31
24-10-2023,27.88
25-10-2023,28.91
26-10-2023,30.86
27-10-2023,33.06
28-10-2023,35.03
29-10-2023,35.49
30-10-2023,37.68
31-10-2023,41.57
01-11-2023,42.88
02-11-2023,45.37
03-11-2023,46.35
04-11-2023,46.61
05-11-2023,46.07
06-11-2023,45.15
07-11-2023,44.36
08-11-2023,44.45
09-11-2023,43.94
10-11-2023,44.09
11-11-2023,44.41
12-11-2023,44.55
13-11-2023,44.65
14-11-2023,44.06
15-11-2023,43.8
16-11-2023,43.38
17-11-2023,43.36
18-11-2023,43.74
19-11-2023,43.95
20-11-2023,43.98
21-11-2023,44.04
22-11-2023,43.78
23-11-2023,43.41
24-11-2023,42.87
25-11-2023,42.45
26-11-2023,42.56
27-11-2023,41.59
28-11-2023,42.08
29-11-2023,41.03
30-11-2023,40.95
01-12-2023,40.81
02-12-2023,40.98
03-12-2023,41.32
04-12-2023,41.03
05-12-2023,41.16
06-12-2023,41.18
07-12-2023,40.98
08-12-2023,40.02
09-12-2023,39.66
10-12-2023,39.46
11-12-2023,39.47
12-12-2023,38.41
13-12-2023,37.93
14-12-2023,37.57
15-12-2023,36.55
16-12-2023,35.64
17-12-2023,35.22
18-12-2023,33.63
19-12-2023,31.08
20-12-2023,29.89
21-12-2023,29.21
22-12-2023,28.76
23-12-2023,28.24
24-12-2023,28.08
25-12-2023,27.4
26-12-2023,26.54
27-12-2023,26.04
28-12-2023,25.37
29-12-2023,25.37
30-12-2023,24.87
31-12-2023,24.98
01-01-2024,24.08
02-01-2024,24.26
03-01-2024,24.17
04-01-2024,24.84
05-01-2024,24.29
06-01-2024,24.26
07-01-2024,24.26
08-01-2024,24.01
09-01-2024,23.71
10-01-2024,23.5
11-01-2024,23.37
12-01-2024,23.09
13-01-2024,22.58
14-01-2024,22.52
15-01-2024,22.04
16-01-2024,21.31
17-01-2024,21.48
18-01-2024,21.14
19-01-2024,20.77
20-01-2024,20.64
21-01-2024,20.52
22-01-2024,20.26
23-01-2024,19.95
24-01-2024,19.6
25-01-2024,19.36
26-01-2024,19.35
27-01-2024,19.27
28-01-2024,19.25
29-01-2024,19.28
30-01-2024,19.1
31-01-2024,19.13
01-02-2024,18.87
02-02-2024,18.57
03-02-2024,18.55
04-02-2024,18.38
05-02-2024,16.83
06-02-2024,16.6
07-02-2024,16.6
08-02-2024,16.69
09-02-2024,16.62
10-02-2024,16.42
11-02-2024,16.42
12-02-2024,16.42
13-02-2024,16.13
14-02-2024,16.18
15-02-2024,16.05
16-02-2024,16.07
17-02-2024,16.05
18-02-2024,16
19-02-2024,15.81
20-02-2024,16.21
21-02-2024,16.83
22-02-2024,17.09
23-02-2024,17.04
24-02-2024,17.38
25-02-2024,17.43
26-02-2024,17.84
27-02-2024,17.76
28-02-2024,17.93
29-02-2024,18.01
01-03-2024,18.04
02-03-2024,17.83
03-03-2024,17.67
04-03-2024,17.93
05-03-2024,17.85
06-03-2024,17.7
07-03-2024,17.71
08-03-2024,17.94
09-03-2024,17.78
10-03-2024,17.68
11-03-2024,17.72
12-03-2024,17.94
13-03-2024,17.95
14-03-2024,16.98
15-03-2024,16.99
16-03-2024,17.08
17-03-2024,16.97
18-03-2024,17.79
19-03-2024,17.01
20-03-2024,16.72
21-03-2024,16.49
22-03-2024,16.55
23-03-2024,16.24
24-03-2024,16.34
25-03-2024,16.28
26-03-2024,16.25
27-03-2024,16.21
28-03-2024,16.11
29-03-2024,16.24
30-03-2024,16.12
31-03-2024,16.28
01-04-2024,16.49
02-04-2024,16.65
03-04-2024,16.82
04-04-2024,16.86
05-04-2024,16.59
06-04-2024,16.62
07-04-2024,16.52
08-04-2024,16.45
09-04-2024,16.21
10-04-2024,16.32
11-04-2024,16.25
12-04-2024,16.15
13-04-2024,16.15
14-04-2024,16.15
15-04-2024,16.04
16-04-2024,15.83
17-04-2024,16.05
18-04-2024,16.31
19-04-2024,16.42
20-04-2024,16.61
21-04-2024,16.56
22-04-2024,16.54
23-04-2024,16.38
24-04-2024,16.08
25-04-2024,16.2
26-04-2024,16.28
27-04-2024,16.33
28-04-2024,16.38
29-04-2024,16.54
30-04-2024,16.23
01-05-2024,16.38
02-05-2024,16.25
03-05-2024,16.48
04-05-2024,16.73
05-05-2024,17.19
06-05-2024,17.42
07-05-2024,17.76
08-05-2024,17.76
09-05-2024,17.64
10-05-2024,17.63
11-05-2024,17.38
12-05-2024,17.5
13-05-2024,17.45
14-05-2024,17.74
15-05-2024,17.71
16-05-2024,17.66
17-05-2024,17.5
18-05-2024,17.95
19-05-2024,18.05
20-05-2024,18.13
21-05-2024,18.08
22-05-2024,17.89
23-05-2024,18.05
24-05-2024,18.08
25-05-2024,18.21
26-05-2024,18.31
27-05-2024,18.42
28-05-2024,18.63
29-05-2024,19.07
30-05-2024,19.13
31-05-2024,19.21
01-06-2024,19.71
02-06-2024,19.92
03-06-2024,19.86
04-06-2024,20.09
05-06-2024,20.09
06-06-2024,20.85
07-06-2024,21.48
08-06-2024,22.23
09-06-2024,22.78
10-06-2024,23.54
11-06-2024,24.54
12-06-2024,24.7
13-06-2024,24.64
14-06-2024,24.64
15-06-2024,25.31
16-06-2024,25.36
17-06-2024,25.2
18-06-2024,26.12
19-06-2024,27.03
20-06-2024,27.5
21-06-2024,27.9
22-06-2024,27.88
23-06-2024,27.88
24-06-2024,27.66
25-06-2024,28.11
26-06-2024,28.18
27-06-2024,28.21
28-06-2024,27.84
29-06-2024,27.58
30-06-2024,28.05
01-07-2024,28.68
02-07-2024,28.76
03-07-2024,28.71
04-07-2024,28.53
05-07-2024,28.68
06-07-2024,28.92
07-07-2024,28.89
08-07-2024,28.6
09-07-2024,29.29
10-07-2024,30.23
11-07-2024,30.13
12-07-2024,30.15
13-07-2024,30.18
14-07-2024,30.29
15-07-2024,30.5
16-07-2024,30.18
17-07-2024,29.59
18-07-2024,29.87
19-07-2024,29.79
20-07-2024,29.64
21-07-2024,29.86
22-07-2024,29.54
23-07-2024,29.68
24-07-2024,29.45
25-07-2024,29.61
26-07-2024,29.77
27-07-2024,29.45
28-07-2024,29.9
29-07-2024,29.63
30-07-2024,29.26
31-07-2024,29.05
01-08-2024,29.26
02-08-2024,29.15
03-08-2024,29.45
04-08-2024,29.13
05-08-2024,28.79
06-08-2024,28.74
07-08-2024,28.49
08-08-2024,28.24
09-08-2024,28.9
10-08-2024,29.97
11-08-2024,28.9
12-08-2024,31.78
13-08-2024,31.01
14-08-2024,30.68
15-08-2024,31.42
16-08-2024,31.83
17-08-2024,31.53
18-08-2024,31.63
19-08-2024,31.55
20-08-2024,31.92
21-08-2024,31.49
22-08-2024,31.74
23-08-2024,33.66
24-08-2024,33.95
25-08-2024,33.98
26-08-2024,34.74
29-08-2024,35.67
30-08-2024,35.78
31-08-2024,35.03
01-09-2024,35.61
02-09-2024,36.23
03-09-2024,36.98
04-09-2024,37.15
05-09-2024,37.86
06-09-2024,37.99
07-09-2024,38.58
08-09-2024,38.65
09-09-2024,39.12
10-09-2024,39.49
11-09-2024,39.28
12-09-2024,39.02
13-09-2024,39.46
14-09-2024,39.45
15-09-2024,39.82
16-09-2024,39.61
17-09-2024,39.55
18-09-2024,40.39
19-09-2024,40.16
20-09-2024,40.16
21-09-2024,40.39
22-09-2024,40.36
23-09-2024,40.58
24-09-2024,40.03
25-09-2024,40.45
26-09-2024,40.53
27-09-2024,40.84
28-09-2024,40.63
29-09-2024,40.58
30-09-2024,40.42
01-10-2024,40.86
02-10-2024,40.32
03-10-2024,40.32
04-10-2024,40.5
05-10-2024,40.58
06-10-2024,40.42
07-10-2024,40.24
08-10-2024,40.61
09-10-2024,39.93
10-10-2024,39.79
11-10-2024,40.03
12-10-2024,39.82
13-10-2024,39.5
14-10-2024,39.13
15-10-2024,38.67
16-10-2024,38.47
17-10-2024,38.66
18-10-2024,38.82
19-10-2024,38.61
20-10-2024,38.98
21-10-2024,38.47
22-10-2024,38.16
23-10-2024,38.42
24-10-2024,38.26
25-10-2024,38.34
26-10-2024,38.24
27-10-2024,38.55
28-10-2024,38.55
29-10-2024,38.39
30-10-2024,38.44
31-10-2024,38.05
01-11-2024,37.63
02-11-2024,37.53
03-11-2024,37.53
04-11-2024,37.9
05-11-2024,38.76
06-11-2024,38.72
07-11-2024,38.69
08-11-2024,39.19
09-11-2024,39.45
10-11-2024,39.45
11-11-2024,40.64
12-11-2024,41.39
13-11-2024,41.34
14-11-2024,41.61
15-11-2024,42.03
16-11-2024,41.37
17-11-2024,41.37
18-11-2024,41.5
19-11-2024,41.58
20-11-2024,41.68
21-11-2024,41.5
22-11-2024,42.21
23-11-2024,42.11
24-11-2024,42.32
25-11-2024,42.21
26-11-2024,42.9
27-11-2024,42.9
28-11-2024,42.84
29-11-2024,43.14
30-11-2024,43.79
01-12-2024,43.79
02-12-2024,42.92
03-12-2024,42.71
04-12-2024,41.71
05-12-2024,41.45
06-12-2024,41.08
07-12-2024,40.87
08-12-2024,41.03
09-12-2024,40.53
10-12-2024,40.97
11-12-2024,41.63
12-12-2024,41.16
13-12-2024,40.79
14-12-2024,40.55
15-12-2024,39.84
16-12-2024,39.61
17-12-2024,39.13
18-12-2024,38.63
19-12-2024,38.32
20-12-2024,37.58
21-12-2024,36.37
22-12-2024,35.11
23-12-2024,34.79
24-12-2024,34.24
25-12-2024,33.56
26-12-2024,33.26
27-12-2024,32.68
28-12-2024,32.32
29-12-2024,31.05
30-12-2024,30.71
31-12-2024,30.89
01-01-2025,29.85
02-01-2025,29.58
03-01-2025,29.32
04-01-2025,29.53
05-01-2025,28.95
06-01-2025,29.5
07-01-2025,29.37
08-01-2025,29.21
09-01-2025,29.53
10-01-2025,29.34
11-01-2025,28.71
12-01-2025,28.68
13-01-2025,28
14-01-2025,27.84
15-01-2025,27.97
16-01-2025,27.74
17-01-2025,27.77
18-01-2025,28.03
19-01-2025,28
20-01-2025,27.66
21-01-2025,27.76
22-01-2025,26.62
23-01-2025,26.82
24-01-2025,26.7
25-01-2025,26.78
26-01-2025,26.88
27-01-2025,26.95
28-01-2025,26.86
29-01-2025,26.8
30-01-2025,26.72
31-01-2025,26.76
01-02-2025,27.05
02-02-2025,26.82
03-02-2025,26.82
04-02-2025,26.71
05-02-2025,26.16
06-02-2025,25.91
07-02-2025,25.93
08-02-2025,25.72
09-02-2025,25.99
10-02-2025,26.18
11-02-2025,25.85
